use banksystem;

insert into Bank values('清华大学支行', '北京 海淀', 100000000, '/media/images/清华大学.jpg');
insert into Bank values('北京大学支行', '北京 海淀', 100000000, '/media/images/北京大学.jpg');
insert into Bank values('复旦大学支行', '上海 杨浦', 100000000,  '/media/images/复旦大学.jpg');
insert into Bank values('上海交通大学支行', '上海 闵行', 100000000, '/media/images/上海交通大学.jpg');
insert into Bank values('浙江大学支行', '杭州 玉泉', 100000000, '/media/images/浙江大学.jpg');
insert into Bank values('中国科学技术大学支行', '合肥 包河', 100000000, '/media/images/中科大.jpg' );
insert into Bank values('中国科学技术大学高新支行', '合肥 蜀山高新技术开发区', 100000000, '/media/images/中科大.jpg');
insert into Bank values('南京大学鼓楼支行', '南京 鼓楼', 100000000, '/media/images/南京大学.jpg');
insert into Bank values('南京大学仙林支行', '南京 栖霞', 100000000, '/media/images/南京大学.jpg');
insert into Bank values('华中科技大学支行', '武汉 洪山', 100000000, '/media/images/华中科技大学.jpg');
insert into Bank values('中山大学支行', '广州 海珠', 100000000, '/media/images/中山大学.jpg');
insert into Bank values('武汉大学支行', '武汉 洪山', 100000000, '/media/images/武汉大学.jpg');

-- 为每个银行支行添加部门
insert into department values('清华大学支行总行', '清华大学支行', '总行', '总行');
insert into department values('清华大学支行财务部', '清华大学支行', '财务部', '财务部');
insert into department values('清华大学支行人事部', '清华大学支行', '人事部', '人事部');
insert into department values('清华大学支行业务部', '清华大学支行', '业务部', '业务部');
insert into department values('清华大学支行风险管理部', '清华大学支行', '风险管理部', '风险管理部');
insert into department values('清华大学支行客户服务部', '清华大学支行', '客户服务部', '客户服务部');
insert into department values('清华大学支行信贷部', '清华大学支行', '信贷部', '信贷部');
insert into department values('清华大学支行理财部', '清华大学支行', '理财部', '理财部');
insert into department values('清华大学支行贷款部', '清华大学支行', '贷款部', '贷款部');
insert into department values('清华大学支行存款部', '清华大学支行', '存款部', '存款部');
insert into department values('清华大学支行信用卡部', '清华大学支行', '信用卡部', '信用卡部');
insert into department values('清华大学支行资产管理部', '清华大学支行', '资产管理部', '资产管理部');
insert into department values('清华大学支行审计部', '清华大学支行', '审计部', '审计部');
insert into department values('清华大学支行法律部', '清华大学支行', '法律部', '法律部');
insert into department values('清华大学支行信息技术部', '清华大学支行', '信息技术部', '信息技术部');
insert into department values('清华大学支行网络安全部', '清华大学支行', '网络安全部', '网络安全部');
insert into department values('清华大学支行数据中心', '清华大学支行', '数据中心', '数据中心');
insert into department values('清华大学支行保安部', '清华大学支行', '保安部', '保安部');
insert into department values('清华大学支行后勤部', '清华大学支行', '后勤部', '后勤部');
insert into department values('清华大学支行宣传部', '清华大学支行', '宣传部', '宣传部');
insert into department values('清华大学支行人力资源部', '清华大学支行', '人力资源部', '人力资源部');   

insert into department values('北京大学支行总行', '北京大学支行', '总行', '总行');
insert into department values('北京大学支行财务部', '北京大学支行', '财务部', '财务部');
insert into department values('北京大学支行人事部', '北京大学支行', '人事部', '人事部');
insert into department values('北京大学支行业务部', '北京大学支行', '业务部', '业务部');
insert into department values('北京大学支行风险管理部', '北京大学支行', '风险管理部', '风险管理部');
insert into department values('北京大学支行客户服务部', '北京大学支行', '客户服务部', '客户服务部');
insert into department values('北京大学支行信贷部', '北京大学支行', '信贷部', '信贷部');
insert into department values('北京大学支行理财部', '北京大学支行', '理财部', '理财部');
insert into department values('北京大学支行贷款部', '北京大学支行', '贷款部', '贷款部');
insert into department values('北京大学支行存款部', '北京大学支行', '存款部', '存款部');
insert into department values('北京大学支行信用卡部', '北京大学支行', '信用卡部', '信用卡部');
insert into department values('北京大学支行结算部', '北京大学支行', '结算部', '结算部');
insert into department values('北京大学支行清算部', '北京大学支行', '清算部', '清算部');
insert into department values('北京大学支行资产管理部', '北京大学支行', '资产管理部', '资产管理部');
insert into department values('北京大学支行风险控制部', '北京大学支行', '风险控制部', '风险控制部');
insert into department values('北京大学支行监察部', '北京大学支行', '监察部', '监察部');
insert into department values('北京大学支行维修部', '北京大学支行', '维修部', '维修部');
insert into department values('北京大学支行保洁部', '北京大学支行', '保洁部', '保洁部');
insert into department values('北京大学支行保安部', '北京大学支行', '保安部', '保安部');
insert into department values('北京大学支行后勤部', '北京大学支行', '后勤部', '后勤部');
insert into department values('北京大学支行宣传部', '北京大学支行', '宣传部', '宣传部');
insert into department values('北京大学支行人力资源部', '北京大学支行', '人力资源部', '人力资源部');

insert into department values('复旦大学支行总行', '复旦大学支行', '总行', '总行');
insert into department values('复旦大学支行财务部', '复旦大学支行', '财务部', '财务部');
insert into department values('复旦大学支行人事部', '复旦大学支行', '人事部', '人事部');
insert into department values('复旦大学支行业务部', '复旦大学支行', '业务部', '业务部');
insert into department values('复旦大学支行风险管理部', '复旦大学支行', '风险管理部', '风险管理部');
insert into department values('复旦大学支行客户服务部', '复旦大学支行', '客户服务部', '客户服务部');
insert into department values('复旦大学支行信贷部', '复旦大学支行', '信贷部', '信贷部');
insert into department values('复旦大学支行理财部', '复旦大学支行', '理财部', '理财部');
insert into department values('复旦大学支行贷款部', '复旦大学支行', '贷款部', '贷款部');
insert into department values('复旦大学支行存款部', '复旦大学支行', '存款部', '存款部');
insert into department values('复旦大学支行信用卡部', '复旦大学支行', '信用卡部', '信用卡部');
insert into department values('复旦大学支行资产管理部', '复旦大学支行', '资产管理部', '资产管理部');
insert into department values('复旦大学支行审计部', '复旦大学支行', '审计部', '审计部');
insert into department values('复旦大学支行法律部', '复旦大学支行', '法律部', '法律部');
insert into department values('复旦大学支行信息技术部', '复旦大学支行', '信息技术部', '信息技术部');
insert into department values('复旦大学支行网络安全部', '复旦大学支行', '网络安全部', '网络安全部');
insert into department values('复旦大学支行数据中心', '复旦大学支行', '数据中心', '数据中心');
insert into department values('复旦大学支行保安部', '复旦大学支行', '保安部', '保安部');
insert into department values('复旦大学支行后勤部', '复旦大学支行', '后勤部', '后勤部');
insert into department values('复旦大学支行宣传部', '复旦大学支行', '宣传部', '宣传部');
insert into department values('复旦大学支行人力资源部', '复旦大学支行', '人力资源部', '人力资源部');

insert into department values('上海交通大学支行总行', '上海交通大学支行', '总行', '总行');
insert into department values('上海交通大学支行财务部', '上海交通大学支行', '财务部', '财务部');
insert into department values('上海交通大学支行人事部', '上海交通大学支行', '人事部', '人事部');
insert into department values('上海交通大学支行业务部', '上海交通大学支行', '业务部', '业务部');
insert into department values('上海交通大学支行风险管理部', '上海交通大学支行', '风险管理部', '风险管理部');
insert into department values('上海交通大学支行客户服务部', '上海交通大学支行', '客户服务部', '客户服务部');
insert into department values('上海交通大学支行信贷部', '上海交通大学支行', '信贷部', '信贷部');
insert into department values('上海交通大学支行理财部', '上海交通大学支行', '理财部', '理财部');
insert into department values('上海交通大学支行贷款部', '上海交通大学支行', '贷款部', '贷款部');
insert into department values('上海交通大学支行存款部', '上海交通大学支行', '存款部', '存款部');
insert into department values('上海交通大学支行信用卡部', '上海交通大学支行', '信用卡部', '信用卡部');
insert into department values('上海交通大学支行资产管理部', '上海交通大学支行', '资产管理部', '资产管理部');
insert into department values('上海交通大学支行审计部', '上海交通大学支行', '审计部', '审计部');
insert into department values('上海交通大学支行法律部', '上海交通大学支行', '法律部', '法律部');
insert into department values('上海交通大学支行信息技术部', '上海交通大学支行', '信息技术部', '信息技术部');
insert into department values('上海交通大学支行网络安全部', '上海交通大学支行', '网络安全部', '网络安全部');
insert into department values('上海交通大学支行数据中心', '上海交通大学支行', '数据中心', '数据中心');
insert into department values('上海交通大学支行保安部', '上海交通大学支行', '保安部', '保安部');
insert into department values('上海交通大学支行后勤部', '上海交通大学支行', '后勤部', '后勤部');
insert into department values('上海交通大学支行宣传部', '上海交通大学支行', '宣传部', '宣传部');
insert into department values('上海交通大学支行人力资源部', '上海交通大学支行', '人力资源部', '人力资源部');

insert into department values('浙江大学支行总行', '浙江大学支行', '总行', '总行');
insert into department values('浙江大学支行财务部', '浙江大学支行', '财务部', '财务部');
insert into department values('浙江大学支行人事部', '浙江大学支行', '人事部', '人事部');
insert into department values('浙江大学支行业务部', '浙江大学支行', '业务部', '业务部');
insert into department values('浙江大学支行风险管理部', '浙江大学支行', '风险管理部', '风险管理部');
insert into department values('浙江大学支行客户服务部', '浙江大学支行', '客户服务部', '客户服务部');
insert into department values('浙江大学支行信贷部', '浙江大学支行', '信贷部', '信贷部');
insert into department values('浙江大学支行理财部', '浙江大学支行', '理财部', '理财部');
insert into department values('浙江大学支行贷款部', '浙江大学支行', '贷款部', '贷款部');
insert into department values('浙江大学支行存款部', '浙江大学支行', '存款部', '存款部');
insert into department values('浙江大学支行信用卡部', '浙江大学支行', '信用卡部', '信用卡部');
insert into department values('浙江大学支行资产管理部', '浙江大学支行', '资产管理部', '资产管理部');
insert into department values('浙江大学支行审计部', '浙江大学支行', '审计部', '审计部');
insert into department values('浙江大学支行法律部', '浙江大学支行', '法律部', '法律部');
insert into department values('浙江大学支行信息技术部', '浙江大学支行', '信息技术部', '信息技术部');
insert into department values('浙江大学支行网络安全部', '浙江大学支行', '网络安全部', '网络安全部');
insert into department values('浙江大学支行数据中心', '浙江大学支行', '数据中心', '数据中心');
insert into department values('浙江大学支行保安部', '浙江大学支行', '保安部', '保安部');
insert into department values('浙江大学支行后勤部', '浙江大学支行', '后勤部', '后勤部');
insert into department values('浙江大学支行宣传部', '浙江大学支行', '宣传部', '宣传部');
insert into department values('浙江大学支行人力资源部', '浙江大学支行', '人力资源部', '人力资源部');

insert into department values('中国科学技术大学支行总行', '中国科学技术大学支行', '总行', '总行');
insert into department values('中国科学技术大学支行财务部', '中国科学技术大学支行', '财务部', '财务部');
insert into department values('中国科学技术大学支行人事部', '中国科学技术大学支行', '人事部', '人事部');
insert into department values('中国科学技术大学支行业务部', '中国科学技术大学支行', '业务部', '业务部');
insert into department values('中国科学技术大学支行风险管理部', '中国科学技术大学支行', '风险管理部', '风险管理部');
insert into department values('中国科学技术大学支行客户服务部', '中国科学技术大学支行', '客户服务部', '客户服务部');
insert into department values('中国科学技术大学支行信贷部', '中国科学技术大学支行', '信贷部', '信贷部');
insert into department values('中国科学技术大学支行理财部', '中国科学技术大学支行', '理财部', '理财部');
insert into department values('中国科学技术大学支行贷款部', '中国科学技术大学支行', '贷款部', '贷款部');
insert into department values('中国科学技术大学支行存款部', '中国科学技术大学支行', '存款部', '存款部');
insert into department values('中国科学技术大学支行信用卡部', '中国科学技术大学支行', '信用卡部', '信用卡部');
insert into department values('中国科学技术大学支行资产管理部', '中国科学技术大学支行', '资产管理部', '资产管理部');
insert into department values('中国科学技术大学支行审计部', '中国科学技术大学支行', '审计部', '审计部');
insert into department values('中国科学技术大学支行法律部', '中国科学技术大学支行', '法律部', '法律部');
insert into department values('中国科学技术大学支行信息技术部', '中国科学技术大学支行', '信息技术部', '信息技术部');
insert into department values('中国科学技术大学支行网络安全部', '中国科学技术大学支行', '网络安全部', '网络安全部');
insert into department values('中国科学技术大学支行数据中心', '中国科学技术大学支行', '数据中心', '数据中心');
insert into department values('中国科学技术大学支行保安部', '中国科学技术大学支行', '保安部', '保安部');
insert into department values('中国科学技术大学支行后勤部', '中国科学技术大学支行', '后勤部', '后勤部');
insert into department values('中国科学技术大学支行宣传部', '中国科学技术大学支行', '宣传部', '宣传部');
insert into department values('中国科学技术大学支行人力资源部', '中国科学技术大学支行', '人力资源部', '人力资源部');

insert into department values('中国科学技术大学高新支行总行', '中国科学技术大学高新支行', '总行', '总行');
insert into department values('中国科学技术大学高新支行财务部', '中国科学技术大学高新支行', '财务部', '财务部');
insert into department values('中国科学技术大学高新支行人事部', '中国科学技术大学高新支行', '人事部', '人事部');
insert into department values('中国科学技术大学高新支行业务部', '中国科学技术大学高新支行', '业务部', '业务部');
insert into department values('中国科学技术大学高新支行风险管理部', '中国科学技术大学高新支行', '风险管理部', '风险管理部');
insert into department values('中国科学技术大学高新支行客户服务部', '中国科学技术大学高新支行', '客户服务部', '客户服务部');
insert into department values('中国科学技术大学高新支行信贷部', '中国科学技术大学高新支行', '信贷部', '信贷部');
insert into department values('中国科学技术大学高新支行理财部', '中国科学技术大学高新支行', '理财部', '理财部');
insert into department values('中国科学技术大学高新支行贷款部', '中国科学技术大学高新支行', '贷款部', '贷款部');
insert into department values('中国科学技术大学高新支行存款部', '中国科学技术大学高新支行', '存款部', '存款部');
insert into department values('中国科学技术大学高新支行信用卡部', '中国科学技术大学高新支行', '信用卡部', '信用卡部');
insert into department values('中国科学技术大学高新支行资产管理部', '中国科学技术大学高新支行', '资产管理部', '资产管理部');
insert into department values('中国科学技术大学高新支行审计部', '中国科学技术大学高新支行', '审计部', '审计部');
insert into department values('中国科学技术大学高新支行法律部', '中国科学技术大学高新支行', '法律部', '法律部');
insert into department values('中国科学技术大学高新支行信息技术部', '中国科学技术大学高新支行', '信息技术部', '信息技术部');
insert into department values('中国科学技术大学高新支行网络安全部', '中国科学技术大学高新支行', '网络安全部', '网络安全部');
insert into department values('中国科学技术大学高新支行数据中心', '中国科学技术大学高新支行', '数据中心', '数据中心');
insert into department values('中国科学技术大学高新支行保安部', '中国科学技术大学高新支行', '保安部', '保安部');
insert into department values('中国科学技术大学高新支行后勤部', '中国科学技术大学高新支行', '后勤部', '后勤部');
insert into department values('中国科学技术大学高新支行宣传部', '中国科学技术大学高新支行', '宣传部', '宣传部');
insert into department values('中国科学技术大学高新支行人力资源部', '中国科学技术大学高新支行', '人力资源部', '人力资源部');

insert into department values('南京大学鼓楼支行总行', '南京大学鼓楼支行', '总行', '总行');
insert into department values('南京大学鼓楼支行财务部', '南京大学鼓楼支行', '财务部', '财务部');
insert into department values('南京大学鼓楼支行人事部', '南京大学鼓楼支行', '人事部', '人事部');
insert into department values('南京大学鼓楼支行业务部', '南京大学鼓楼支行', '业务部', '业务部');
insert into department values('南京大学鼓楼支行风险管理部', '南京大学鼓楼支行', '风险管理部', '风险管理部');
insert into department values('南京大学鼓楼支行客户服务部', '南京大学鼓楼支行', '客户服务部', '客户服务部');
insert into department values('南京大学鼓楼支行信贷部', '南京大学鼓楼支行', '信贷部', '信贷部');
insert into department values('南京大学鼓楼支行理财部', '南京大学鼓楼支行', '理财部', '理财部');
insert into department values('南京大学鼓楼支行贷款部', '南京大学鼓楼支行', '贷款部', '贷款部');
insert into department values('南京大学鼓楼支行存款部', '南京大学鼓楼支行', '存款部', '存款部');
insert into department values('南京大学鼓楼支行信用卡部', '南京大学鼓楼支行', '信用卡部', '信用卡部');
insert into department values('南京大学鼓楼支行资产管理部', '南京大学鼓楼支行', '资产管理部', '资产管理部');
insert into department values('南京大学鼓楼支行审计部', '南京大学鼓楼支行', '审计部', '审计部');
insert into department values('南京大学鼓楼支行法律部', '南京大学鼓楼支行', '法律部', '法律部');
insert into department values('南京大学鼓楼支行信息技术部', '南京大学鼓楼支行', '信息技术部', '信息技术部');
insert into department values('南京大学鼓楼支行网络安全部', '南京大学鼓楼支行', '网络安全部', '网络安全部');
insert into department values('南京大学鼓楼支行数据中心', '南京大学鼓楼支行', '数据中心', '数据中心');
insert into department values('南京大学鼓楼支行保安部', '南京大学鼓楼支行', '保安部', '保安部');
insert into department values('南京大学鼓楼支行后勤部', '南京大学鼓楼支行', '后勤部', '后勤部');
insert into department values('南京大学鼓楼支行宣传部', '南京大学鼓楼支行', '宣传部', '宣传部');
insert into department values('南京大学鼓楼支行人力资源部', '南京大学鼓楼支行', '人力资源部', '人力资源部');

insert into department values('南京大学仙林支行总行', '南京大学仙林支行', '总行', '总行');
insert into department values('南京大学仙林支行财务部', '南京大学仙林支行', '财务部', '财务部');
insert into department values('南京大学仙林支行人事部', '南京大学仙林支行', '人事部', '人事部');
insert into department values('南京大学仙林支行业务部', '南京大学仙林支行', '业务部', '业务部');
insert into department values('南京大学仙林支行风险管理部', '南京大学仙林支行', '风险管理部', '风险管理部');
insert into department values('南京大学仙林支行客户服务部', '南京大学仙林支行', '客户服务部', '客户服务部');
insert into department values('南京大学仙林支行信贷部', '南京大学仙林支行', '信贷部', '信贷部');
insert into department values('南京大学仙林支行理财部', '南京大学仙林支行', '理财部', '理财部');
insert into department values('南京大学仙林支行贷款部', '南京大学仙林支行', '贷款部', '贷款部');
insert into department values('南京大学仙林支行存款部', '南京大学仙林支行', '存款部', '存款部');
insert into department values('南京大学仙林支行信用卡部', '南京大学仙林支行', '信用卡部', '信用卡部');
insert into department values('南京大学仙林支行资产管理部', '南京大学仙林支行', '资产管理部', '资产管理部');
insert into department values('南京大学仙林支行审计部', '南京大学仙林支行', '审计部', '审计部');
insert into department values('南京大学仙林支行法律部', '南京大学仙林支行', '法律部', '法律部');
insert into department values('南京大学仙林支行信息技术部', '南京大学仙林支行', '信息技术部', '信息技术部');
insert into department values('南京大学仙林支行网络安全部', '南京大学仙林支行', '网络安全部', '网络安全部');
insert into department values('南京大学仙林支行数据中心', '南京大学仙林支行', '数据中心', '数据中心');
insert into department values('南京大学仙林支行保安部', '南京大学仙林支行', '保安部', '保安部');
insert into department values('南京大学仙林支行后勤部', '南京大学仙林支行', '后勤部', '后勤部');
insert into department values('南京大学仙林支行宣传部', '南京大学仙林支行', '宣传部', '宣传部');
insert into department values('南京大学仙林支行人力资源部', '南京大学仙林支行', '人力资源部', '人力资源部');

insert into department values('华中科技大学支行总行', '华中科技大学支行', '总行', '总行');
insert into department values('华中科技大学支行财务部', '华中科技大学支行', '财务部', '财务部');
insert into department values('华中科技大学支行人事部', '华中科技大学支行', '人事部', '人事部');
insert into department values('华中科技大学支行业务部', '华中科技大学支行', '业务部', '业务部');
insert into department values('华中科技大学支行风险管理部', '华中科技大学支行', '风险管理部', '风险管理部');
insert into department values('华中科技大学支行客户服务部', '华中科技大学支行', '客户服务部', '客户服务部');
insert into department values('华中科技大学支行信贷部', '华中科技大学支行', '信贷部', '信贷部');
insert into department values('华中科技大学支行理财部', '华中科技大学支行', '理财部', '理财部');
insert into department values('华中科技大学支行贷款部', '华中科技大学支行', '贷款部', '贷款部');
insert into department values('华中科技大学支行存款部', '华中科技大学支行', '存款部', '存款部');
insert into department values('华中科技大学支行信用卡部', '华中科技大学支行', '信用卡部', '信用卡部');
insert into department values('华中科技大学支行资产管理部', '华中科技大学支行', '资产管理部', '资产管理部');
insert into department values('华中科技大学支行审计部', '华中科技大学支行', '审计部', '审计部');
insert into department values('华中科技大学支行法律部', '华中科技大学支行', '法律部', '法律部');
insert into department values('华中科技大学支行信息技术部', '华中科技大学支行', '信息技术部', '信息技术部');
insert into department values('华中科技大学支行网络安全部', '华中科技大学支行', '网络安全部', '网络安全部');
insert into department values('华中科技大学支行数据中心', '华中科技大学支行', '数据中心', '数据中心');
insert into department values('华中科技大学支行保安部', '华中科技大学支行', '保安部', '保安部');
insert into department values('华中科技大学支行后勤部', '华中科技大学支行', '后勤部', '后勤部');
insert into department values('华中科技大学支行宣传部', '华中科技大学支行', '宣传部', '宣传部');
insert into department values('华中科技大学支行人力资源部', '华中科技大学支行', '人力资源部', '人力资源部');

insert into department values('中山大学支行总行', '中山大学支行', '总行', '总行');
insert into department values('中山大学支行财务部', '中山大学支行', '财务部', '财务部');
insert into department values('中山大学支行人事部', '中山大学支行', '人事部', '人事部');
insert into department values('中山大学支行业务部', '中山大学支行', '业务部', '业务部');
insert into department values('中山大学支行风险管理部', '中山大学支行', '风险管理部', '风险管理部');
insert into department values('中山大学支行客户服务部', '中山大学支行', '客户服务部', '客户服务部');
insert into department values('中山大学支行信贷部', '中山大学支行', '信贷部', '信贷部');
insert into department values('中山大学支行理财部', '中山大学支行', '理财部', '理财部');
insert into department values('中山大学支行贷款部', '中山大学支行', '贷款部', '贷款部');
insert into department values('中山大学支行存款部', '中山大学支行', '存款部', '存款部');
insert into department values('中山大学支行信用卡部', '中山大学支行', '信用卡部', '信用卡部');
insert into department values('中山大学支行资产管理部', '中山大学支行', '资产管理部', '资产管理部');
insert into department values('中山大学支行审计部', '中山大学支行', '审计部', '审计部');
insert into department values('中山大学支行法律部', '中山大学支行', '法律部', '法律部');
insert into department values('中山大学支行信息技术部', '中山大学支行', '信息技术部', '信息技术部');
insert into department values('中山大学支行网络安全部', '中山大学支行', '网络安全部', '网络安全部');
insert into department values('中山大学支行数据中心', '中山大学支行', '数据中心', '数据中心');
insert into department values('中山大学支行保安部', '中山大学支行', '保安部', '保安部');
insert into department values('中山大学支行后勤部', '中山大学支行', '后勤部', '后勤部');
insert into department values('中山大学支行宣传部', '中山大学支行', '宣传部', '宣传部');
insert into department values('中山大学支行人力资源部', '中山大学支行', '人力资源部', '人力资源部');

insert into department values('武汉大学支行总行', '武汉大学支行', '总行', '总行');
insert into department values('武汉大学支行财务部', '武汉大学支行', '财务部', '财务部');
insert into department values('武汉大学支行人事部', '武汉大学支行', '人事部', '人事部');
insert into department values('武汉大学支行业务部', '武汉大学支行', '业务部', '业务部');
insert into department values('武汉大学支行风险管理部', '武汉大学支行', '风险管理部', '风险管理部');
insert into department values('武汉大学支行客户服务部', '武汉大学支行', '客户服务部', '客户服务部');
insert into department values('武汉大学支行信贷部', '武汉大学支行', '信贷部', '信贷部');
insert into department values('武汉大学支行理财部', '武汉大学支行', '理财部', '理财部');
insert into department values('武汉大学支行贷款部', '武汉大学支行', '贷款部', '贷款部');
insert into department values('武汉大学支行存款部', '武汉大学支行', '存款部', '存款部');
insert into department values('武汉大学支行信用卡部', '武汉大学支行', '信用卡部', '信用卡部');
insert into department values('武汉大学支行资产管理部', '武汉大学支行', '资产管理部', '资产管理部');
insert into department values('武汉大学支行审计部', '武汉大学支行', '审计部', '审计部');
insert into department values('武汉大学支行法律部', '武汉大学支行', '法律部', '法律部');
insert into department values('武汉大学支行信息技术部', '武汉大学支行', '信息技术部', '信息技术部');
insert into department values('武汉大学支行网络安全部', '武汉大学支行', '网络安全部', '网络安全部');
insert into department values('武汉大学支行数据中心', '武汉大学支行', '数据中心', '数据中心');
insert into department values('武汉大学支行保安部', '武汉大学支行', '保安部', '保安部');
insert into department values('武汉大学支行后勤部', '武汉大学支行', '后勤部', '后勤部');
insert into department values('武汉大学支行宣传部', '武汉大学支行', '宣传部', '宣传部');
insert into department values('武汉大学支行人力资源部', '武汉大学支行', '人力资源部', '人力资源部');

-- 添加客户
insert into client values('C1001', '370613200211092510', '李宇哲', '男','山东省烟台市莱山区', '13176936260', 'innerpeacelyz@gmail.com', '余茗洋', '15820050830', '3118919801@qq.com', '朋友');
insert into client values('C1002', '370613200211090001', '余茗洋', '男','山东省烟台市莱山区', '15820050830', '3118919801@qq.com', '李宇哲', '13176936260', '2313392804@qq.com', '朋友');
insert into client values('C1003', '370613200211090002', '单敏轩', '男','中国科学技术大学中校区', '13176936260', '2313392804@qq.com', '李宇哲', '19505657343', '2313392804@qq.com', '同学');
insert into client values('C1004', '370613200211090003', '王宇哲', '男','中国科学技术大学中校区', '13176936260', '2313392804@qq.com', '李宇哲', '19505657343', '2313392804@qq.com', '同学');
insert into client values('C1005', '370613200211090004', '刘睿博', '男','中国科学技术大学高新校区', '15820050830', '2313392804@qq.com', '余翔', '19505657343', '2313392804@qq.com', '同学');
insert into client values('C1006', '370613200211090005', '余翔', '男','中国科学技术大学高新校区', '13176936260', '2313392804@qq.com', '于硕', '19505657343', '2313392804@qq.com', '同学');
insert into client values('C1007', '370613200211090006', '李晴川', '男','中国科学技术大学高新校区', '13176936260', '2313392804@qq.com', '李宇哲', '19505657343', '2313392804@qq.com', '同学');
insert into client values('C1008', '370613200211090007', '辛昌昊', '男','中国科学技术大学中校区', '15820050830', '2313392804@qq.com', '李宇哲', '19505657343', '2313392804@qq.com', '同学');
insert into client values('C1009', '370613200211090008', '郑亦航', '男','中国科学技术大学中校区', '13176936260', '2313392804@qq.com', '李宇哲', '19505657343', '2313392804@qq.com', '同学');
insert into client values('C1010', '370613200211090009', '李梓萱', '男','中国科学技术大学中校区', '13176936260', '2313392804@qq.com', '李宇哲', '19505657343', '2313392804@qq.com', '同学');
insert into client values('C1011', '370613200211090010', '龙浩泉', '男','中国科学技术大学高新校区', '15820050830', '2313392804@qq.com', '李宇哲', '19505657343', '2313392804@qq.com', '同学');
insert into client values('C1012', '370613200211090011', '胡磊', '男','中国科学技术大学高新校区', '13176936260', '2313392804@qq.com', '施阳', '19505657343', '2313392804@qq.com', '同学');
insert into client values('C1013', '370613200211090012', '施阳', '男','中国科学技术大学高新校区', '15820050830', '2313392804@qq.com', '贾翰锐', '19505657343', '2313392804@qq.com', '同学');
insert into client values('C1014', '370613200211090013', '贾翰锐', '男','中国科学技术大学高新校区', '13176936260', '2313392804@qq.com', '胡磊', '19505657343', '2313392804@qq.com', '同学');
insert into client values('C1015', '370613200211090014', '孙赫', '男','中国科学技术大学高新校区', '15820050830', '2313392804@qq.com', '胡天羽', '19505657343', '2313392804@qq.com', '同学');
insert into client values('C1016', '370613200211090015', '倪英泰', '男','中国科学技术大学高新校区', '13176936260', '2313392804@qq.com', '孙赫', '19505657343', '2313392804@qq.com', '同学');
insert into client values('C1017', '370613200211090016', '武家熙', '男','中国科学技术大学高新校区', '15820050830', '2313392804@qq.com', '倪英泰', '19505657343', '2313392804@qq.com', '同学');
insert into client values('C1018', '370613200211090017', '余祥仲', '男','中国科学技术大学高新校区', '13176936260', '2313392804@qq.com', '李宇哲', '19505657343', '2313392804@qq.com', '同学');
insert into client values('C1019', '370613200211090018', '李璐豪', '男','中国科学技术大学高新校区', '15820050830', '2313392804@qq.com', '陈世初', '19505657343', '2313392804@qq.com', '同学');
insert into client values('C1020', '370613200211090019', '于俊骜', '男','中国科学技术大学东校区', '13176936260', '2313392804@qq.com', '赵泮林', '19505657343', '2313392804@qq.com', '同学');
insert into client values('C1021', '370613200211090020', '王昱', '男','中国科学技术大学高新校区', '15820050830', '2313392804@qq.com', '李宇哲', '19505657343', '2313392804@qq.com', '同学');
insert into client values('C1022', '370613200211090021', '陈世初', '男','中国科学技术大学高新校区', '13176936260', '2313392804@qq.com', '李璐豪', '19505657343', '2313392804@qq.com', '同学');
insert into client values('C1023', '370613200211090022', '陈应豪', '男','中国科学技术大学高新校区', '15820050830', '2313392804@qq.com', '李宇哲', '19505657343', '2313392804@qq.com', '同学');
insert into client values('C1024', '370613200211090023', '祁发彤', '男','中国科学技术大学中校区', '13176936260', '2313392804@qq.com', '王宇哲', '19505657343', '2313392804@qq.com', '同学');
insert into client values('C1025', '370613200211090024', '黄俊荣', '男','南京大学仙林校区', '15820050830', '2313392804@qq.com', '王飞扬', '19505657343', '2313392804@qq.com', '同学');
insert into client values('C1026', '370613200211090025', '王飞扬', '男','南京大学鼓楼校区', '13176936260', '2313392804@qq.com', '黄俊荣', '19505657343', '2313392804@qq.com', '同学');
insert into client values('C1027', '370613200211090026', '赵潇晗', '男','北京大学昌平校区', '15820050830', '2313392804@qq.com', '仇可馨', '19505657343', '2313392804@qq.com', '同学');
insert into client values('C1028', '370613200211090027', '周子桓', '男','清华大学海淀', '13176936260', '2313392804@qq.com', '余茗洋', '19505657343', '2313392804@qq.com', '同学');
insert into client values('C1029', '370613200211090028', '周舟', '男','上海交通大学闵行校区', '15820050830', '2313392804@qq.com', '宁子凡', '19505657343', '2313392804@qq.com', '同学');
insert into client values('C1030', '370613200211090029', '宁子凡', '男','同济大学', '13176936260', '2313392804@qq.com', '李宇哲', '19505657343', '2313392804@qq.com', '同学');
insert into client values('C1031', '370613200211090030', '杨子逸', '男','浙江大学紫金港校区', '15820050830', '2313392804@qq.com', '李宇哲', '19505657343', '2313392804@qq.com', '同学');
insert into client values('C1032', '370613200211090031', '徐萌东', '女','山东大学', '13176936260', '2313392804@qq.com', '杜信诚', '19505657343', '2313392804@qq.com', '同学');
insert into client values('C1033', '370613200211090032', '杨晓睿', '女','东南大学', '15820050830', '2313392804@qq.com', '张涵', '19505657343', '2313392804@qq.com', '同学');
insert into client values('C1034', '370613200211090033', '张小芊', '女','四川大学', '13176936260', '2313392804@qq.com', '余茗洋', '19505657343', '2313392804@qq.com', '同学');
insert into client values('C1035', '370613200211090034', '王妤冰', '女','华南理工大学', '15820050830', '2313392804@qq.com', '张小芊', '19505657343', '2313392804@qq.com', '同学');
insert into client values('C1036', '370613200211090035', '曲一文', '女','中山大学', '13176936260', '2313392804@qq.com', '仇可馨', '19505657343', '2313392804@qq.com', '同学');
insert into client values('C1037', '370613200211090036', '仇可馨', '女','香港中文大学', '13176936260', '2313392804@qq.com', '曲一文', '19505657343', '2313392804@qq.com', '同学');
insert into client values('C1038', '370613200211090037', '于锦阳', '女','山东财经大学', '15820050830', '2313392804@qq.com', '周宜鹏', '19505657343', '2313392804@qq.com', '同学');
insert into client values('C1042', '370613200211090041', '赵新然', '女','中国科学技术大学西校区', '15820050830', '2313392804@qq.com', '李宇哲', '19505657343', '2313392804@qq.com', '同学');